{"base_files_url": "https://raw.githubusercontent.com/davewongillies/MiSTer-handheld-mgls/b0e1fc9c5195a3577f58fbae7a189af7d08b01ce/", "db_id": "handheld_mgls", "db_url": "https://raw.githubusercontent.com/davewongillies/MiSTer-handheld-mgls/db/db.json.zip", "files": {"_Handheld/Atari Lynx.mgl": {"hash": "16538b9ea9fddd37b6c22ce86166db01", "size": 110, "tags": [19, 20, 21, 22]}, "_Handheld/Game & Watch.mgl": {"hash": "405649c4a21639453fd6f320242c5539", "size": 105, "tags": [19, 20, 21, 23, 24]}, "_Handheld/Game Boy Advance.mgl": {"hash": "a70dc983470e770af70b3ba12b9e63c3", "size": 98, "tags": [10, 19, 20, 21]}, "_Handheld/Game Gear.mgl": {"hash": "5551150c6dae02dc09621c617b1518ce", "size": 103, "tags": [6, 19, 20, 21, 25]}, "_Handheld/Gameboy.mgl": {"hash": "16cdc033854e0d43de9f778734cfb3c5", "size": 106, "tags": [7, 19, 20, 21]}, "_Handheld/GameboyColor.mgl": {"hash": "7c0b7ad37089a6b3831aaafd0aec52df", "size": 102, "tags": [7, 8, 19, 20, 21]}, "_Handheld/Mega Duck.mgl": {"hash": "0aafa7172f5d5d90a72e435e381704df", "size": 107, "tags": [7, 19, 20, 21, 26]}, "_Handheld/NeoGeo Pocket.mgl": {"hash": "4c83d078a4eae1ed5f50443f12face78", "size": 116, "tags": [19, 20, 21, 27]}, "_Handheld/Pocket Challenge V2.mgl": {"hash": "c3e73e8541c14c3a436302c0da005828", "size": 119, "tags": [19, 20, 21, 28, 29]}, "_Handheld/Pokemon Mini.mgl": {"hash": "1bf0f45ccf29de77c9451d437191bd2e", "size": 114, "tags": [19, 20, 21, 30]}, "_Handheld/TurboExpress.mgl": {"hash": "e6bc5a905a5a0b3d81c7581236161977", "size": 110, "tags": [2, 19, 20, 21, 31]}, "_Handheld/WonderSwan Color.mgl": {"hash": "b02872484c777c38f00e632eb7c34222", "size": 117, "tags": [19, 20, 21, 29, 32]}, "_Handheld/WonderSwan.mgl": {"hash": "149d0072955d92881b8703f33d1e38de", "size": 112, "tags": [19, 20, 21, 29]}}, "folders": {"_Handheld": {"tags": [19]}}, "tag_dictionary": {"atarilynx": 22, "cores": 21, "gameboy": 7, "gameboyadvance": 10, "gameboycolor": 8, "gamegear": 25, "gamewatch": 23, "gb": 7, "gba": 10, "gbc": 8, "gnw": 24, "handheld": 19, "mastersystem": 6, "megaduck": 26, "mgl": 20, "neogeopocket": 27, "pcengine": 2, "pocketchallengev2": 28, "pokemonmini": 30, "segamark3": 6, "sms": 6, "tgfx16": 2, "turboexpress": 31, "turbografx": 2, "turbografx16": 2, "wonderswan": 29, "wonderswancolor": 32}, "timestamp": 1748757694}